{"cameraMode":{"drawMode":0,"name":"Shaded","section":"Shading Mode"},"sceneLighting":true,"audioPlay":false,"sceneViewState":{"m_AlwaysRefresh":false,"showFog":true,"showSkybox":true,"showFlares":true,"showImageEffects":true,"showParticleSystems":true,"showVisualEffectGraphs":true,"m_FxEnabled":true},"in2DMode":false,"pivot":{"x":2.5762686729431154,"y":-1.5737485885620118,"z":1.8910961151123047},"rotation":{"x":-0.20672272145748139,"y":-0.07272089272737503,"z":0.015409935265779496,"w":-0.9755761027336121},"size":9.85074520111084,"orthographic":false}